kode_provinsi,nama_provinsi,kode_kabupaten_kota,nama_kabupaten_kota,tahun,jumlah_umkm,proyeksi_jumlah_umkm,jumlah_penduduk_ribu,pengeluaran_per_kapita,daya_beli,total_umkm_binaan,sektor_dominan,jumlah_sektor_dominan,share_sektor_dominan_pct,kepadatan_per_1000,pertumbuhan_abs,pertumbuhan_pct
32,JAWA BARAT,3204,KABUPATEN BANDUNG,2019,422992,422992,3775.3,10502.0,10502.0,180,MAKANAN,95,52.7778,112.042,24646.0,6.1871
32,JAWA BARAT,3204,KABUPATEN BANDUNG,2020,449164,449164,3616.54,10201.0,10201.0,300,MAKANAN,144,48.0,124.1972,26172.0,6.1874
32,JAWA BARAT,3204,KABUPATEN BANDUNG,2021,476954,476954,3652.4,10307.0,10307.0,144,MAKANAN,108,75.0,130.5865,27790.0,6.187
32,JAWA BARAT,3204,KABUPATEN BANDUNG,2022,506465,506465,3687.25,10588.0,10588.0,162,MAKANAN,92,56.7901,137.3558,29511.0,6.1874
32,JAWA BARAT,3204,KABUPATEN BANDUNG,2023,537801,537801,3721.11,11018.0,11018.0,154,FASHION,121,78.5714,144.527,31336.0,6.1872
32,JAWA BARAT,3217,KABUPATEN BANDUNG BARAT,2019,187128,187128,1699.9,8684.0,8684.0,120,MAKANAN,49,40.8333,110.0818,10903.0,6.187
32,JAWA BARAT,3217,KABUPATEN BANDUNG BARAT,2020,198707,198707,1782.19,8455.0,8455.0,240,KULINER,73,30.4167,111.496,11579.0,6.1877
32,JAWA BARAT,3217,KABUPATEN BANDUNG BARAT,2021,211001,211001,1808.42,8546.0,8546.0,144,MAKANAN,53,36.8056,116.677,12294.0,6.187
32,JAWA BARAT,3217,KABUPATEN BANDUNG BARAT,2022,224056,224056,1834.23,9044.0,9044.0,157,MAKANAN,92,58.5987,122.1526,13055.0,6.1872
32,JAWA BARAT,3217,KABUPATEN BANDUNG BARAT,2023,237919,237919,1859.64,9392.0,9392.0,160,FASHION,82,51.25,127.9382,13863.0,6.1873
32,JAWA BARAT,3216,KABUPATEN BEKASI,2019,276635,276635,3763.9,11610.0,11610.0,63,MAKANAN,43,68.254,73.4969,16118.0,6.1869
32,JAWA BARAT,3216,KABUPATEN BEKASI,2020,293752,293752,3101.73,11241.0,11241.0,183,KULINER,68,37.1585,94.7059,17117.0,6.1876
32,JAWA BARAT,3216,KABUPATEN BEKASI,2021,311927,311927,3148.74,11341.0,11341.0,144,MAKANAN,91,63.1944,99.0641,18175.0,6.1872
32,JAWA BARAT,3216,KABUPATEN BEKASI,2022,331226,331226,3193.84,11757.0,11757.0,156,MAKANAN,88,56.4103,103.7078,19299.0,6.187
32,JAWA BARAT,3216,KABUPATEN BEKASI,2023,351720,351720,3237.42,12123.0,12123.0,163,FASHION,95,58.2822,108.6421,20494.0,6.1873
32,JAWA BARAT,3201,KABUPATEN BOGOR,2019,449059,449059,5965.4,10683.0,10683.0,164,KULINER,49,29.878,75.2773,26165.0,6.1871
32,JAWA BARAT,3201,KABUPATEN BOGOR,2020,476844,476844,5409.37,10317.0,10317.0,284,MAKANAN,104,36.6197,88.1515,27785.0,6.1874
32,JAWA BARAT,3201,KABUPATEN BOGOR,2021,506347,506347,5484.15,10410.0,10410.0,144,MAKANAN,90,62.5,92.3292,29503.0,6.1871
32,JAWA BARAT,3201,KABUPATEN BOGOR,2022,537676,537676,5556.31,10860.0,10860.0,179,MAKANAN,98,54.7486,96.7685,31329.0,6.1873
32,JAWA BARAT,3201,KABUPATEN BOGOR,2023,570943,570943,5627.02,11153.0,11153.0,157,FASHION,98,62.4204,101.4645,33267.0,6.1872
32,JAWA BARAT,3207,KABUPATEN CIAMIS,2019,167291,167291,1195.2,9557.0,9557.0,75,MAKANAN,66,88.0,139.969,9748.0,6.1875
32,JAWA BARAT,3207,KABUPATEN CIAMIS,2020,177642,177642,1226.05,9288.0,9288.0,195,MAKANAN,98,50.2564,144.8897,10351.0,6.1874
32,JAWA BARAT,3207,KABUPATEN CIAMIS,2021,188633,188633,1234.83,9259.0,9259.0,144,MAKANAN,123,85.4167,152.7603,10991.0,6.1872
32,JAWA BARAT,3207,KABUPATEN CIAMIS,2022,200304,200304,1243.32,9428.0,9428.0,159,MAKANAN,129,81.1321,161.1041,11671.0,6.1871
32,JAWA BARAT,3207,KABUPATEN CIAMIS,2023,212697,212697,1251.54,9750.0,9750.0,172,FASHION,143,83.1395,169.9482,12393.0,6.1871
32,JAWA BARAT,3203,KABUPATEN CIANJUR,2019,300302,300302,2263.1,8290.0,8290.0,91,MAKANAN,44,48.3516,132.695,17498.0,6.1873
32,JAWA BARAT,3203,KABUPATEN CIANJUR,2020,318882,318882,2470.56,7980.0,7980.0,211,MAKANAN,94,44.5498,129.0728,18580.0,6.1871
32,JAWA BARAT,3203,KABUPATEN CIANJUR,2021,338612,338612,2500.64,8052.0,8052.0,144,MAKANAN,70,48.6111,135.4101,19730.0,6.1872
32,JAWA BARAT,3203,KABUPATEN CIANJUR,2022,359563,359563,2529.81,8244.0,8244.0,146,MAKANAN,84,57.5342,142.1304,20951.0,6.1873
32,JAWA BARAT,3203,KABUPATEN CIANJUR,2023,381810,381810,2558.14,8626.0,8626.0,143,FASHION,86,60.1399,149.253,22247.0,6.1872
32,JAWA BARAT,3209,KABUPATEN CIREBON,2019,302452,302452,2192.9,10670.0,10670.0,135,MAKANAN,69,51.1111,137.9233,17623.0,6.1872
32,JAWA BARAT,3209,KABUPATEN CIREBON,2020,321166,321166,2270.35,10342.0,10342.0,256,MAKANAN,116,45.3125,141.461,18714.0,6.1874
32,JAWA BARAT,3209,KABUPATEN CIREBON,2021,341037,341037,2301.33,10368.0,10368.0,143,MAKANAN,72,50.3497,148.1913,19871.0,6.1871
32,JAWA BARAT,3209,KABUPATEN CIREBON,2022,362138,362138,2331.36,10791.0,10791.0,156,MAKANAN,78,50.0,155.3334,21101.0,6.1873
32,JAWA BARAT,3209,KABUPATEN CIREBON,2023,384544,384544,2360.44,11128.0,11128.0,156,FASHION,116,74.359,162.912,22406.0,6.1871
32,JAWA BARAT,3205,KABUPATEN GARUT,2019,310279,310279,2622.4,8099.0,8099.0,123,MAKANAN,58,47.1545,118.3187,18079.0,6.1872
32,JAWA BARAT,3205,KABUPATEN GARUT,2020,329477,329477,2577.35,7876.0,7876.0,250,MAKANAN,90,36.0,127.8356,19198.0,6.1873
32,JAWA BARAT,3205,KABUPATEN GARUT,2021,349863,349863,2613.53,7961.0,7961.0,143,MAKANAN,54,37.7622,133.8661,20386.0,6.1874
32,JAWA BARAT,3205,KABUPATEN GARUT,2022,371510,371510,2648.95,8227.0,8227.0,161,MAKANAN,81,50.3106,140.248,21647.0,6.1873
32,JAWA BARAT,3205,KABUPATEN GARUT,2023,394496,394496,2683.67,8685.0,8685.0,158,FASHION,109,68.9873,146.9987,22986.0,6.1872
32,JAWA BARAT,3212,KABUPATEN INDRAMAYU,2019,228747,228747,1728.5,10090.0,10090.0,52,MAKANAN,38,73.0769,132.3384,13329.0,6.1875
32,JAWA BARAT,3212,KABUPATEN INDRAMAYU,2020,242900,242900,1829.23,9859.0,9859.0,152,MAKANAN,53,34.8684,132.7881,14153.0,6.1872
32,JAWA BARAT,3212,KABUPATEN INDRAMAYU,2021,257929,257929,1851.73,9810.0,9810.0,120,MAKANAN,62,51.6667,139.2908,15029.0,6.1873
32,JAWA BARAT,3212,KABUPATEN INDRAMAYU,2022,273887,273887,1873.4,10166.0,10166.0,131,MAKANAN,77,58.7786,146.1978,15958.0,6.187
32,JAWA BARAT,3212,KABUPATEN INDRAMAYU,2023,290833,290833,1894.33,10580.0,10580.0,137,FASHION,94,68.6131,153.5282,16946.0,6.1872
32,JAWA BARAT,3215,KABUPATEN KARAWANG,2019,279705,279705,2353.9,11856.0,11856.0,65,MAKANAN,44,67.6923,118.8262,16297.0,6.187
32,JAWA BARAT,3215,KABUPATEN KARAWANG,2020,297011,297011,2434.09,11315.0,11315.0,185,MAKANAN,80,43.2432,122.0214,17306.0,6.1872
32,JAWA BARAT,3215,KABUPATEN KARAWANG,2021,315388,315388,2465.57,11522.0,11522.0,146,MAKANAN,106,72.6027,127.9169,18377.0,6.1873
32,JAWA BARAT,3215,KABUPATEN KARAWANG,2022,334902,334902,2496.19,11927.0,11927.0,152,MAKANAN,92,60.5263,134.1653,19514.0,6.1873
32,JAWA BARAT,3215,KABUPATEN KARAWANG,2023,355623,355623,2526.0,12392.0,12392.0,175,FASHION,113,64.5714,140.785,20721.0,6.1872
32,JAWA BARAT,3208,KABUPATEN KUNINGAN,2019,113609,113609,1080.8,9673.0,9673.0,48,MAKANAN,39,81.25,105.1157,6619.0,6.1866
32,JAWA BARAT,3208,KABUPATEN KUNINGAN,2020,120639,120639,1162.59,9459.0,9459.0,168,KULINER,82,48.8095,103.7675,7030.0,6.1879
32,JAWA BARAT,3208,KABUPATEN KUNINGAN,2021,128103,128103,1175.95,9409.0,9409.0,143,MAKANAN,89,62.2378,108.9358,7464.0,6.1871
32,JAWA BARAT,3208,KABUPATEN KUNINGAN,2022,136029,136029,1189.01,9620.0,9620.0,150,MAKANAN,111,74.0,114.4053,7926.0,6.1872
32,JAWA BARAT,3208,KABUPATEN KUNINGAN,2023,144445,144445,1201.76,10011.0,10011.0,172,FASHION,137,79.6512,120.1945,8416.0,6.1869
32,JAWA BARAT,3210,KABUPATEN MAJALENGKA,2019,187792,187792,1205.0,9822.0,9822.0,118,MAKANAN,52,44.0678,155.844,10942.0,6.1872
32,JAWA BARAT,3210,KABUPATEN MAJALENGKA,2020,199411,199411,1301.57,9521.0,9521.0,253,MAKANAN,95,37.5494,153.208,11619.0,6.1872
32,JAWA BARAT,3210,KABUPATEN MAJALENGKA,2021,211749,211749,1315.01,9591.0,9591.0,143,MAKANAN,94,65.7343,161.0246,12338.0,6.1872
32,JAWA BARAT,3210,KABUPATEN MAJALENGKA,2022,224850,224850,1328.01,9950.0,9950.0,152,MAKANAN,98,64.4737,169.3135,13101.0,6.187
32,JAWA BARAT,3210,KABUPATEN MAJALENGKA,2023,238762,238762,1340.62,10340.0,10340.0,149,FASHION,114,76.5101,178.0982,13912.0,6.1872
32,JAWA BARAT,3218,KABUPATEN PANGANDARAN,2019,72191,72191,399.3,9423.0,9423.0,65,MAKANAN,42,64.6154,180.7939,4206.0,6.1867
32,JAWA BARAT,3218,KABUPATEN PANGANDARAN,2020,76658,76658,422.41,9084.0,9084.0,165,KULINER,60,36.3636,181.4777,4467.0,6.1878
32,JAWA BARAT,3218,KABUPATEN PANGANDARAN,2021,81401,81401,425.59,9065.0,9065.0,120,MAKANAN,50,41.6667,191.2662,4743.0,6.1872
32,JAWA BARAT,3218,KABUPATEN PANGANDARAN,2022,86437,86437,428.6,9389.0,9389.0,131,MAKANAN,74,56.4885,201.6729,5036.0,6.1867
32,JAWA BARAT,3218,KABUPATEN PANGANDARAN,2023,91785,91785,431.46,9406.0,9406.0,134,FASHION,98,73.1343,212.7312,5348.0,6.1872
32,JAWA BARAT,3214,KABUPATEN PURWAKARTA,2019,104463,104463,962.9,11819.0,11819.0,22,MAKANAN,12,54.5455,108.4879,6087.0,6.1875
32,JAWA BARAT,3214,KABUPATEN PURWAKARTA,2020,110926,110926,994.33,11614.0,11614.0,122,KULINER,31,25.4098,111.5585,6463.0,6.1869
32,JAWA BARAT,3214,KABUPATEN PURWAKARTA,2021,117790,117790,1008.93,11669.0,11669.0,127,MAKANAN,56,44.0945,116.7474,6864.0,6.1879
32,JAWA BARAT,3214,KABUPATEN PURWAKARTA,2022,125078,125078,1023.18,12193.0,12193.0,112,MAKANAN,62,55.3571,122.2444,7288.0,6.1873
32,JAWA BARAT,3214,KABUPATEN PURWAKARTA,2023,132816,132816,1037.07,12619.0,12619.0,114,FASHION,79,69.2982,128.0685,7738.0,6.1865
32,JAWA BARAT,3213,KABUPATEN SUBANG,2019,203282,203282,1595.8,11012.0,11012.0,52,MAKANAN,35,67.3077,127.3856,11845.0,6.1874
32,JAWA BARAT,3213,KABUPATEN SUBANG,2020,215859,215859,1605.25,10790.0,10790.0,172,MAKANAN,62,36.0465,134.4706,12577.0,6.187
32,JAWA BARAT,3213,KABUPATEN SUBANG,2021,229215,229215,1620.7,10854.0,10854.0,144,KULINER,47,32.6389,141.4296,13356.0,6.1874
32,JAWA BARAT,3213,KABUPATEN SUBANG,2022,243397,243397,1635.56,11294.0,11294.0,138,MAKANAN,96,69.5652,148.8157,14182.0,6.1872
32,JAWA BARAT,3213,KABUPATEN SUBANG,2023,258457,258457,1649.82,11537.0,11537.0,155,FASHION,98,63.2258,156.6577,15060.0,6.1874
32,JAWA BARAT,3202,KABUPATEN SUKABUMI,2019,322086,322086,2466.3,8973.0,8973.0,100,MAKANAN,41,41.0,130.5948,18767.0,6.1872
32,JAWA BARAT,3202,KABUPATEN SUKABUMI,2020,342015,342015,2718.74,8823.0,8823.0,220,MAKANAN,77,35.0,125.7991,19929.0,6.1875
32,JAWA BARAT,3202,KABUPATEN SUKABUMI,2021,363176,363176,2747.45,8850.0,8850.0,144,MAKANAN,68,47.2222,132.1866,21161.0,6.1872
32,JAWA BARAT,3202,KABUPATEN SUKABUMI,2022,385646,385646,2775.31,9210.0,9210.0,149,MAKANAN,93,62.4161,138.956,22470.0,6.1871
32,JAWA BARAT,3202,KABUPATEN SUKABUMI,2023,409507,409507,2802.4,9482.0,9482.0,167,FASHION,127,76.0479,146.1272,23861.0,6.1873
32,JAWA BARAT,3211,KABUPATEN SUMEDANG,2019,139134,139134,1152.4,10406.0,10406.0,97,MAKANAN,54,55.6701,120.7341,8107.0,6.1873
32,JAWA BARAT,3211,KABUPATEN SUMEDANG,2020,147743,147743,1149.47,10217.0,10217.0,217,KULINER,96,44.2396,128.5314,8609.0,6.1876
32,JAWA BARAT,3211,KABUPATEN SUMEDANG,2021,156884,156884,1159.26,10262.0,10262.0,144,MAKANAN,106,73.6111,135.3312,9141.0,6.1871
32,JAWA BARAT,3211,KABUPATEN SUMEDANG,2022,166591,166591,1168.84,10776.0,10776.0,151,MAKANAN,99,65.5629,142.5268,9707.0,6.1874
32,JAWA BARAT,3211,KABUPATEN SUMEDANG,2023,176898,176898,1178.24,11136.0,11136.0,149,FASHION,109,73.1544,150.1375,10307.0,6.187
32,JAWA BARAT,3206,KABUPATEN TASIKMALAYA,2019,225181,225181,1754.1,8092.0,8092.0,116,MAKANAN,69,59.4828,128.3741,13121.0,6.1874
32,JAWA BARAT,3206,KABUPATEN TASIKMALAYA,2020,239114,239114,1861.06,7852.0,7852.0,216,MAKANAN,105,48.6111,128.4827,13933.0,6.1875
32,JAWA BARAT,3206,KABUPATEN TASIKMALAYA,2021,253908,253908,1876.89,7829.0,7829.0,120,MAKANAN,44,36.6667,135.2812,14794.0,6.187
32,JAWA BARAT,3206,KABUPATEN TASIKMALAYA,2022,269618,269618,1892.22,8177.0,8177.0,128,MAKANAN,87,67.9688,142.4877,15710.0,6.1873
32,JAWA BARAT,3206,KABUPATEN TASIKMALAYA,2023,286300,286300,1907.05,8562.0,8562.0,126,FASHION,94,74.6032,150.1272,16682.0,6.1873
32,JAWA BARAT,3273,KOTA BANDUNG,2019,411810,411810,2507.9,17254.0,17254.0,302,KULINER,133,44.0397,164.2051,23995.0,6.1872
32,JAWA BARAT,3273,KOTA BANDUNG,2020,437290,437290,2438.35,16887.0,16887.0,422,KULINER,201,47.6303,179.3385,25480.0,6.1873
32,JAWA BARAT,3273,KOTA BANDUNG,2021,464346,464346,2461.41,16996.0,16996.0,145,KULINER,56,38.6207,188.6504,27056.0,6.1872
32,JAWA BARAT,3273,KOTA BANDUNG,2022,493076,493076,2484.15,17639.0,17639.0,144,KULINER,77,53.4722,198.4888,28730.0,6.1872
32,JAWA BARAT,3273,KOTA BANDUNG,2023,523584,523584,2506.6,18236.0,18236.0,141,FASHION,87,61.7021,208.8822,30508.0,6.1873
32,JAWA BARAT,3279,KOTA BANJAR,2019,31006,31006,183.1,10705.0,10705.0,39,MAKANAN,23,58.9744,169.3392,1806.0,6.1849
32,JAWA BARAT,3279,KOTA BANJAR,2020,32925,32925,200.27,10535.0,10535.0,140,KULINER,48,34.2857,164.4031,1919.0,6.1891
32,JAWA BARAT,3279,KOTA BANJAR,2021,34962,34962,202.72,10476.0,10476.0,120,MAKANAN,64,53.3333,172.4645,2037.0,6.1868
32,JAWA BARAT,3279,KOTA BANJAR,2022,37125,37125,205.14,10967.0,10967.0,133,MAKANAN,63,47.3684,180.974,2163.0,6.1867
32,JAWA BARAT,3279,KOTA BANJAR,2023,39422,39422,207.51,11356.0,11356.0,124,FASHION,75,60.4839,189.9764,2297.0,6.1872
32,JAWA BARAT,3275,KOTA BEKASI,2019,243127,243127,3003.9,16157.0,16157.0,26,KULINER,16,61.5385,80.9371,14167.0,6.1875
32,JAWA BARAT,3275,KOTA BEKASI,2020,258170,258170,2536.12,15776.0,15776.0,126,MAKANAN,45,35.7143,101.7972,15043.0,6.1873
32,JAWA BARAT,3275,KOTA BEKASI,2021,274143,274143,2568.02,15903.0,15903.0,120,MAKANAN,56,46.6667,106.7527,15973.0,6.187
32,JAWA BARAT,3275,KOTA BEKASI,2022,291105,291105,2598.07,16239.0,16239.0,109,MAKANAN,45,41.2844,112.0466,16962.0,6.1873
32,JAWA BARAT,3275,KOTA BEKASI,2023,309116,309116,2627.21,16479.0,16479.0,136,FASHION,84,61.7647,117.6594,18011.0,6.1871
32,JAWA BARAT,3271,KOTA BOGOR,2019,103457,103457,1112.1,11825.0,11825.0,37,MAKANAN,18,48.6486,93.0285,6028.0,6.1871
32,JAWA BARAT,3271,KOTA BOGOR,2020,109858,109858,1040.57,11564.0,11564.0,138,KONVEKSI,51,36.9565,105.5748,6401.0,6.1871
32,JAWA BARAT,3271,KOTA BOGOR,2021,116656,116656,1050.92,11716.0,11716.0,120,KULINER,50,41.6667,111.0037,6798.0,6.188
32,JAWA BARAT,3271,KOTA BOGOR,2022,123873,123873,1060.94,12058.0,12058.0,133,MAKANAN,66,49.6241,116.7578,7217.0,6.1866
32,JAWA BARAT,3271,KOTA BOGOR,2023,131538,131538,1070.72,12656.0,12656.0,126,FASHION,91,72.2222,122.85,7665.0,6.1878
32,JAWA BARAT,3277,KOTA CIMAHI,2019,68141,68141,614.3,12448.0,12448.0,84,MAKANAN,52,61.9048,110.9246,3971.0,6.1882
32,JAWA BARAT,3277,KOTA CIMAHI,2020,72357,72357,566.17,12025.0,12025.0,184,MAKANAN,68,36.9565,127.8008,4216.0,6.1872
32,JAWA BARAT,3277,KOTA CIMAHI,2021,76833,76833,574.45,12019.0,12019.0,120,KULINER,41,34.1667,133.7505,4476.0,6.186
32,JAWA BARAT,3277,KOTA CIMAHI,2022,81587,81587,582.65,12500.0,12500.0,133,MAKANAN,68,51.1278,140.0275,4754.0,6.1874
32,JAWA BARAT,3277,KOTA CIMAHI,2023,86635,86635,590.78,12883.0,12883.0,116,FASHION,94,81.0345,146.6451,5048.0,6.1873
32,JAWA BARAT,3274,KOTA CIREBON,2019,48162,48162,319.3,11930.0,11930.0,108,MAKANAN,76,70.3704,150.8362,2807.0,6.189
32,JAWA BARAT,3274,KOTA CIREBON,2020,51142,51142,332.58,11800.0,11800.0,210,MAKANAN,148,70.4762,153.7735,2980.0,6.1875
32,JAWA BARAT,3274,KOTA CIREBON,2021,54306,54306,335.81,11810.0,11810.0,120,MAKANAN,77,64.1667,161.7164,3164.0,6.1867
32,JAWA BARAT,3274,KOTA CIREBON,2022,57666,57666,338.94,12087.0,12087.0,100,MAKANAN,66,66.0,170.1363,3360.0,6.1872
32,JAWA BARAT,3274,KOTA CIREBON,2023,61234,61234,341.98,12506.0,12506.0,97,FASHION,65,67.0103,179.0573,3568.0,6.1874
32,JAWA BARAT,3276,KOTA DEPOK,2019,194433,194433,2406.8,15696.0,15696.0,51,KULINER,36,70.5882,80.7849,11329.0,6.1872
32,JAWA BARAT,3276,KOTA DEPOK,2020,206463,206463,2046.83,15281.0,15281.0,147,KULINER,101,68.7075,100.8696,12030.0,6.1872
32,JAWA BARAT,3276,KOTA DEPOK,2021,219238,219238,2081.13,15420.0,15420.0,120,MAKANAN,76,63.3333,105.3457,12775.0,6.1875
32,JAWA BARAT,3276,KOTA DEPOK,2022,232803,232803,2113.62,15926.0,15926.0,108,KULINER,72,66.6667,110.1442,13565.0,6.1873
32,JAWA BARAT,3276,KOTA DEPOK,2023,247207,247207,2145.4,16279.0,16279.0,114,FASHION,79,69.2982,115.2265,14404.0,6.1872
32,JAWA BARAT,3272,KOTA SUKABUMI,2019,47872,47872,328.7,11204.0,11204.0,58,MAKANAN,32,55.1724,145.6404,2789.0,6.1864
32,JAWA BARAT,3272,KOTA SUKABUMI,2020,50834,50834,344.83,10999.0,10999.0,167,MAKANAN,82,49.1018,147.4176,2962.0,6.1873
32,JAWA BARAT,3272,KOTA SUKABUMI,2021,53979,53979,350.15,10942.0,10942.0,120,MAKANAN,50,41.6667,154.1596,3145.0,6.1868
32,JAWA BARAT,3272,KOTA SUKABUMI,2022,57319,57319,355.42,11229.0,11229.0,118,MAKANAN,83,70.339,161.2712,3340.0,6.1876
32,JAWA BARAT,3272,KOTA SUKABUMI,2023,60865,60865,360.64,11799.0,11799.0,141,FASHION,87,61.7021,168.7694,3546.0,6.1864
32,JAWA BARAT,3278,KOTA TASIKMALAYA,2019,109093,109093,663.5,10414.0,10414.0,90,MAKANAN,39,43.3333,164.4205,6356.0,6.1867
32,JAWA BARAT,3278,KOTA TASIKMALAYA,2020,115843,115843,713.67,10263.0,10263.0,191,MAKANAN,55,28.7958,162.3201,6750.0,6.1874
32,JAWA BARAT,3278,KOTA TASIKMALAYA,2021,123010,123010,723.1,10213.0,10213.0,120,MAKANAN,55,45.8333,170.1148,7167.0,6.1868
32,JAWA BARAT,3278,KOTA TASIKMALAYA,2022,130621,130621,732.48,10578.0,10578.0,132,MAKANAN,65,49.2424,178.3271,7611.0,6.1873
32,JAWA BARAT,3278,KOTA TASIKMALAYA,2023,138703,138703,741.76,11063.0,11063.0,125,FASHION,103,82.4,186.9917,8082.0,6.1874
