nama_kabupaten_kota,tahun,binaan_agribisnis,binaan_aksesoris,binaan_batik,binaan_bordir,binaan_craft,binaan_dekorasi,binaan_fashion,binaan_industri,binaan_jasa,binaan_konveksi,binaan_kuliner,binaan_makanan,binaan_mebel,binaan_minuman,binaan_obat-obatan
KABUPATEN BANDUNG,2019,0,2,1,0,13,1,22,7,2,17,11,95,0,9,0
KABUPATEN BANDUNG,2020,0,2,0,1,22,1,30,10,4,27,47,144,0,12,0
KABUPATEN BANDUNG,2021,1,0,0,0,9,0,16,1,2,0,1,108,0,6,0
KABUPATEN BANDUNG,2022,3,0,0,0,7,0,20,4,3,3,16,92,0,14,0
KABUPATEN BANDUNG,2023,0,12,0,0,3,0,121,0,9,0,0,0,6,0,3
KABUPATEN BANDUNG BARAT,2019,0,0,0,0,17,0,26,1,4,0,17,49,0,6,0
KABUPATEN BANDUNG BARAT,2020,7,0,0,0,30,0,47,2,18,3,73,52,0,8,0
KABUPATEN BANDUNG BARAT,2021,4,0,0,0,16,0,27,1,10,0,22,53,0,11,0
KABUPATEN BANDUNG BARAT,2022,2,0,0,0,14,0,20,2,11,0,5,92,0,11,0
KABUPATEN BANDUNG BARAT,2023,0,8,0,0,8,0,82,0,10,0,0,0,43,0,9
KABUPATEN BEKASI,2019,0,1,1,1,5,0,8,1,0,0,0,43,0,3,0
KABUPATEN BEKASI,2020,5,1,3,1,15,0,15,1,2,3,68,60,0,9,0
KABUPATEN BEKASI,2021,2,1,3,0,11,0,7,0,0,0,22,91,0,7,0
KABUPATEN BEKASI,2022,3,0,0,0,16,0,18,3,4,0,8,88,1,15,0
KABUPATEN BEKASI,2023,0,21,0,0,17,0,95,0,20,1,0,0,3,0,6
KABUPATEN BOGOR,2019,9,0,0,0,30,0,13,10,11,1,49,33,0,8,0
KABUPATEN BOGOR,2020,11,0,0,0,37,0,35,16,14,1,52,104,0,14,0
KABUPATEN BOGOR,2021,0,2,0,0,11,0,15,3,5,0,2,90,1,15,0
KABUPATEN BOGOR,2022,4,0,22,3,7,0,19,5,1,0,10,98,1,9,0
KABUPATEN BOGOR,2023,0,11,22,3,4,0,98,0,14,0,0,0,5,0,0
KABUPATEN CIAMIS,2019,0,1,0,0,1,0,2,1,0,1,0,66,0,3,0
KABUPATEN CIAMIS,2020,0,1,0,0,8,0,3,1,4,2,69,98,0,9,0
KABUPATEN CIAMIS,2021,0,0,0,0,9,0,6,0,1,0,1,123,0,4,0
KABUPATEN CIAMIS,2022,0,0,0,0,8,0,3,0,4,0,0,129,2,13,0
KABUPATEN CIAMIS,2023,0,13,0,0,5,0,143,1,9,0,0,0,1,0,0
KABUPATEN CIANJUR,2019,2,0,0,0,4,1,10,1,1,5,13,44,0,8,2
KABUPATEN CIANJUR,2020,16,0,1,1,11,1,18,2,10,11,20,94,1,21,4
KABUPATEN CIANJUR,2021,3,1,2,0,17,0,15,0,6,0,15,70,0,15,0
KABUPATEN CIANJUR,2022,7,0,0,0,10,0,8,2,3,2,19,84,0,11,0
KABUPATEN CIANJUR,2023,0,27,0,0,9,0,86,1,10,4,0,0,2,0,4
KABUPATEN CIREBON,2019,3,1,0,0,17,0,13,4,1,4,17,69,0,6,0
KABUPATEN CIREBON,2020,14,1,0,0,23,0,23,9,3,5,49,116,1,11,1
KABUPATEN CIREBON,2021,2,3,1,0,7,0,13,5,0,0,30,72,1,9,0
KABUPATEN CIREBON,2022,1,0,0,0,17,0,25,10,4,0,2,78,2,16,1
KABUPATEN CIREBON,2023,0,12,0,0,1,0,116,1,10,0,0,0,16,0,0
KABUPATEN GARUT,2019,2,7,2,0,10,0,16,5,2,13,4,58,0,4,0
KABUPATEN GARUT,2020,7,8,2,0,18,0,36,9,7,20,44,90,1,8,0
KABUPATEN GARUT,2021,2,2,1,0,2,0,29,3,8,0,35,54,1,6,0
KABUPATEN GARUT,2022,2,0,0,0,7,0,16,6,18,7,1,81,2,19,2
KABUPATEN GARUT,2023,0,14,0,0,4,0,109,0,11,1,0,0,15,0,4
KABUPATEN INDRAMAYU,2019,1,0,0,0,3,0,1,1,3,3,0,38,0,2,0
KABUPATEN INDRAMAYU,2020,8,0,0,0,13,0,2,3,15,4,44,53,0,10,0
KABUPATEN INDRAMAYU,2021,3,0,0,0,16,0,6,2,7,0,13,62,0,11,0
KABUPATEN INDRAMAYU,2022,0,0,0,0,27,0,4,2,3,0,5,77,0,13,0
KABUPATEN INDRAMAYU,2023,0,13,0,0,7,0,94,0,20,1,0,0,2,0,0
KABUPATEN KARAWANG,2019,0,0,1,0,7,0,0,1,0,3,0,44,0,9,0
KABUPATEN KARAWANG,2020,1,1,1,0,14,0,7,3,6,9,44,80,0,18,1
KABUPATEN KARAWANG,2021,0,0,0,0,11,0,7,0,6,0,3,106,1,12,0
KABUPATEN KARAWANG,2022,2,0,0,0,6,0,7,2,5,0,17,92,2,18,1
KABUPATEN KARAWANG,2023,0,10,0,0,19,0,113,2,17,1,0,0,13,0,0
KABUPATEN KUNINGAN,2019,1,0,0,0,1,0,0,0,0,1,1,39,0,5,0
KABUPATEN KUNINGAN,2020,1,0,0,0,3,0,2,0,0,2,82,63,0,15,0
KABUPATEN KUNINGAN,2021,1,0,0,0,4,0,3,0,0,0,36,89,0,10,0
KABUPATEN KUNINGAN,2022,2,0,0,0,9,0,4,5,1,0,1,111,0,17,0
KABUPATEN KUNINGAN,2023,0,15,0,0,0,0,137,0,19,1,0,0,0,0,0
KABUPATEN MAJALENGKA,2019,6,0,0,0,0,0,12,13,3,1,25,52,0,6,0
KABUPATEN MAJALENGKA,2020,10,0,0,0,25,0,17,13,3,5,75,95,0,10,0
KABUPATEN MAJALENGKA,2021,1,0,2,0,19,0,9,0,1,0,4,94,0,13,0
KABUPATEN MAJALENGKA,2022,2,0,0,0,15,0,11,3,5,0,5,98,0,12,1
KABUPATEN MAJALENGKA,2023,0,17,0,0,0,0,114,0,15,0,0,0,0,0,3
KABUPATEN PANGANDARAN,2019,0,0,0,0,11,0,4,0,2,1,0,42,0,5,0
KABUPATEN PANGANDARAN,2020,0,0,0,0,23,0,13,4,2,3,60,54,0,5,1
KABUPATEN PANGANDARAN,2021,0,0,6,0,10,0,12,0,1,0,19,50,0,22,0
KABUPATEN PANGANDARAN,2022,2,0,0,0,15,0,10,5,3,1,11,74,1,7,2
KABUPATEN PANGANDARAN,2023,0,13,0,0,1,0,98,1,14,2,0,0,0,0,5
KABUPATEN PURWAKARTA,2019,0,0,0,0,0,0,4,0,1,0,5,12,0,0,0
KABUPATEN PURWAKARTA,2020,18,0,0,0,7,0,4,8,21,1,31,15,0,17,0
KABUPATEN PURWAKARTA,2021,8,0,2,0,11,0,5,7,10,0,14,56,0,7,7
KABUPATEN PURWAKARTA,2022,1,0,0,0,8,0,8,3,13,0,10,62,0,7,0
KABUPATEN PURWAKARTA,2023,0,10,0,0,10,0,79,2,7,0,0,0,6,0,0
KABUPATEN SUBANG,2019,1,0,0,0,5,0,6,4,0,0,0,35,0,1,0
KABUPATEN SUBANG,2020,9,0,1,0,13,0,11,23,7,4,34,62,0,7,1
KABUPATEN SUBANG,2021,8,0,0,0,14,0,12,22,4,0,47,31,0,6,0
KABUPATEN SUBANG,2022,0,0,0,0,17,0,7,1,0,2,3,96,0,10,2
KABUPATEN SUBANG,2023,0,44,0,0,0,0,98,1,11,1,0,0,0,0,0
KABUPATEN SUKABUMI,2019,2,2,0,1,15,0,17,3,3,3,10,41,0,3,0
KABUPATEN SUKABUMI,2020,11,4,0,1,29,0,19,15,3,10,42,77,0,9,0
KABUPATEN SUKABUMI,2021,4,1,0,0,15,0,26,17,0,0,6,68,0,7,0
KABUPATEN SUKABUMI,2022,3,0,0,0,18,0,7,3,1,1,12,93,2,9,0
KABUPATEN SUKABUMI,2023,0,19,0,0,3,0,127,0,16,0,0,0,2,0,0
KABUPATEN SUMEDANG,2019,1,0,1,0,8,0,6,3,2,2,18,54,0,2,0
KABUPATEN SUMEDANG,2020,3,0,1,0,27,0,27,3,2,2,96,54,0,2,0
KABUPATEN SUMEDANG,2021,2,0,1,0,16,0,14,0,0,0,1,106,1,3,0
KABUPATEN SUMEDANG,2022,3,0,0,0,9,0,17,4,4,0,2,99,1,11,1
KABUPATEN SUMEDANG,2023,0,15,0,0,0,0,109,0,9,0,0,0,14,0,2
KABUPATEN TASIKMALAYA,2019,0,1,0,0,10,0,5,6,0,12,6,69,0,7,0
KABUPATEN TASIKMALAYA,2020,5,1,0,0,25,0,11,6,1,21,25,105,0,15,1
KABUPATEN TASIKMALAYA,2021,5,0,0,0,15,0,14,2,1,0,29,44,0,10,0
KABUPATEN TASIKMALAYA,2022,1,0,0,0,12,0,10,0,0,10,0,87,0,8,0
KABUPATEN TASIKMALAYA,2023,0,20,0,0,0,0,94,0,7,0,0,0,5,0,0
KOTA BANDUNG,2019,0,1,0,0,31,1,115,5,10,3,133,1,0,2,0
KOTA BANDUNG,2020,0,1,0,0,39,1,146,6,15,4,201,5,0,3,1
KOTA BANDUNG,2021,0,1,2,0,15,0,40,2,8,0,56,17,0,4,0
KOTA BANDUNG,2022,1,0,0,0,21,0,25,1,0,0,77,16,0,3,0
KOTA BANDUNG,2023,0,23,0,0,3,0,87,0,13,1,0,0,14,0,0
KOTA BANJAR,2019,0,0,0,1,0,1,0,5,3,1,3,23,0,2,0
KOTA BANJAR,2020,2,0,0,1,8,1,6,8,12,4,48,36,3,10,1
KOTA BANJAR,2021,1,0,0,0,9,2,9,5,9,0,4,64,3,14,0
KOTA BANJAR,2022,0,0,0,0,11,0,15,0,19,1,0,63,0,24,0
KOTA BANJAR,2023,0,24,0,0,6,0,75,0,19,0,0,0,0,0,0
KOTA BEKASI,2019,1,0,0,0,2,0,3,0,3,1,16,0,0,0,0
KOTA BEKASI,2020,4,3,2,0,11,0,12,2,13,6,19,45,0,9,0
KOTA BEKASI,2021,2,1,3,0,13,0,16,2,6,0,8,56,0,13,0
KOTA BEKASI,2022,3,0,0,0,9,0,15,6,11,0,11,45,0,9,0
KOTA BEKASI,2023,0,7,0,0,6,0,84,0,11,2,0,0,26,0,0
KOTA BOGOR,2019,0,0,2,0,2,1,1,6,0,0,3,18,0,4,0
KOTA BOGOR,2020,0,0,2,0,13,1,8,8,3,51,3,43,0,6,0
KOTA BOGOR,2021,1,0,0,0,5,0,7,2,3,0,50,50,0,2,0
KOTA BOGOR,2022,4,0,0,0,8,0,18,2,14,1,12,66,0,8,0
KOTA BOGOR,2023,0,16,0,0,5,0,91,0,9,0,0,0,3,0,2
KOTA CIMAHI,2019,0,0,0,0,9,0,23,0,0,0,0,52,0,0,0
KOTA CIMAHI,2020,0,0,0,0,18,0,42,0,0,0,55,68,0,0,1
KOTA CIMAHI,2021,0,0,0,0,10,0,20,9,4,0,41,34,0,2,0
KOTA CIMAHI,2022,0,0,0,0,8,0,19,0,7,1,28,68,0,2,0
KOTA CIMAHI,2023,0,10,0,0,6,0,94,0,6,0,0,0,0,0,0
KOTA CIREBON,2019,0,0,1,0,8,0,7,5,1,0,0,76,0,10,0
KOTA CIREBON,2020,1,0,2,0,12,0,12,10,6,1,2,148,2,13,1
KOTA CIREBON,2021,1,1,5,0,14,0,8,1,1,0,0,77,0,12,0
KOTA CIREBON,2022,2,0,0,0,12,0,11,0,2,0,0,66,0,7,0
KOTA CIREBON,2023,0,20,0,0,1,0,65,0,5,0,0,0,5,0,1
KOTA DEPOK,2019,0,0,0,0,5,0,2,4,0,0,36,4,0,0,0
KOTA DEPOK,2020,0,0,0,0,11,0,8,4,1,0,101,21,0,1,0
KOTA DEPOK,2021,0,0,0,0,4,0,4,1,0,0,24,76,0,11,0
KOTA DEPOK,2022,0,0,0,0,7,0,4,2,4,0,72,15,0,4,0
KOTA DEPOK,2023,0,8,0,0,4,0,79,0,10,1,0,0,10,0,2
KOTA SUKABUMI,2019,3,1,0,0,7,0,3,1,1,2,4,32,0,4,0
KOTA SUKABUMI,2020,5,1,0,0,18,0,8,5,7,3,28,82,0,10,0
KOTA SUKABUMI,2021,2,0,0,0,13,0,6,2,1,0,43,50,0,3,0
KOTA SUKABUMI,2022,3,0,0,0,7,0,9,1,6,0,3,83,1,5,0
KOTA SUKABUMI,2023,0,9,0,0,7,0,87,1,12,1,0,0,24,0,0
KOTA TASIKMALAYA,2019,0,0,0,0,9,0,15,1,0,15,5,39,0,6,0
KOTA TASIKMALAYA,2020,2,0,0,0,22,0,22,2,1,36,40,55,0,9,2
KOTA TASIKMALAYA,2021,2,0,3,0,15,0,34,1,1,0,1,55,0,8,0
KOTA TASIKMALAYA,2022,0,0,0,0,14,0,41,2,1,0,0,65,0,9,0
KOTA TASIKMALAYA,2023,0,9,0,0,2,0,103,0,8,0,0,0,1,0,2
